,Ashburn,Carrollton,Haarlem,San Francisco,Singapore
impact potential/gcc/kg co2 eq,3176710.12525175,496921.210318932,1697345.09731319,9078904.4931645,2766586.39436544
